model,fold,accuracy,precision_weighted,recall_weighted,f1_weighted,precision_macro,recall_macro,f1_macro
LR,1,0.77,0.7700607636718262,0.77,0.7699870617722246,0.7700607636718262,0.77,0.7699870617722246
LR,2,0.75,0.7500250025002501,0.75,0.7499937498437461,0.75002500250025,0.75,0.7499937498437461
LR,3,0.74375,0.7439344754470568,0.74375,0.7437015435730817,0.7439344754470568,0.7437499999999999,0.7437015435730818
LR,4,0.75875,0.7596083300411988,0.75875,0.7585504268371827,0.7596083300411987,0.75875,0.7585504268371825
LR,5,0.76375,0.7647843137254902,0.76375,0.7635190615835776,0.7647843137254902,0.76375,0.7635190615835776
SVM,1,0.805,0.805,0.805,0.805,0.805,0.805,0.805
SVM,2,0.77875,0.778765680569532,0.77875,0.7787468886281214,0.778765680569532,0.77875,0.7787468886281214
SVM,3,0.77,0.770108043217287,0.77,0.76997699769977,0.7701080432172869,0.77,0.7699769976997699
SVM,4,0.78125,0.7816460647785949,0.78125,0.7811730686569497,0.781646064778595,0.78125,0.7811730686569498
SVM,5,0.80875,0.808844583653744,0.80875,0.8087353563007167,0.8088445836537439,0.8087500000000001,0.8087353563007167
MLP,1,0.77125,0.7712516953230957,0.77125,0.7712496425775666,0.7712516953230957,0.77125,0.7712496425775666
MLP,2,0.74875,0.748875993471695,0.74875,0.7487181971468264,0.7488759934716951,0.74875,0.7487181971468264
MLP,3,0.7625,0.7625262526252625,0.7625,0.7624940623515587,0.7625262526252625,0.7625,0.7624940623515588
MLP,4,0.76875,0.7696415022167039,0.76875,0.7685586992998901,0.769641502216704,0.76875,0.7685586992998901
MLP,5,0.76875,0.7691284618995462,0.76875,0.7686686725802039,0.7691284618995462,0.76875,0.768668672580204
